imppv,impuv,clkpv,ctr,impratio
0.027237043,0.022508226,0.09764821,0.10289942,0.022508223
0.052526996,0.021840349,0.061874222,0.01739118,0.021840349
0.030051783,0.14465691,0.030075528,0.017635947,0.14465688
0.018857304,0.028478546,0.03008781,0.02963226,0.028478546
0.02745144,0.013493367,0.04069849,0.0269297,0.013493364
