imppv,impuv,clkpv,ctr,impratio
0.019167338,0.008846539,0.051037546,0.0665845,0.0088465335
0.025152016,0.010502535,0.02202899,0.020626513,0.010502543
0.028417377,0.0687053,0.030484052,0.009731732,0.068705305
0.028863935,0.01080707,0.03411978,0.010899936,0.010807055
0.012321133,0.0052151,0.013546926,0.005731547,0.005215097
