imppv,impuv,clkpv,ctr,impratio
0.041742854,0.023773594,0.2585665,0.22470248,0.023773588
0.15161179,0.06286783,0.1873075,0.03984978,0.06286783
0.18331479,0.055740353,0.27391294,0.083993986,0.055740353
0.05843617,0.044218153,0.11167921,0.07174876,0.04421817
0.09065929,0.022184558,0.1845564,0.08668644,0.02218456
