imppv,impuv,clkpv,ctr,impratio
0.042150296,0.01847006,0.26160178,0.22137661,0.01847005
0.17037298,0.06720115,0.1932221,0.037521068,0.06720116
0.19498599,0.028609725,0.33079997,0.14041209,0.028609721
0.12307825,0.03554143,0.16797522,0.20463787,0.035541426
0.12574112,0.025482796,0.22108383,0.12710649,0.025482792
