imppv,impuv,clkpv,ctr,impratio
0.040847473,0.026280627,0.23773181,0.21621805,0.02628062
0.15169668,0.06668443,0.19347306,0.049328193,0.06668444
0.06755842,0.059710965,0.12291756,0.059547618,0.059710935
0.083535634,0.051530655,0.105334066,0.08304783,0.051530663
0.07831958,0.024034971,0.13858865,0.07155944,0.024034983
